{
  "그랜저": 1924.8242570281125,
  "스타렉스": 1524.9550290135396,
  "스타리아": 2950.538537549407,
  "싼타페": 2314.70672740014,
  "쏘나타": 1299.437168141593,
  "아반떼": 1157.486811661268,
  "제네시스": 3795.3856041131107,
  "코나": 1777.1329670329671,
  "투싼": 1878.6717248356094,
  "팰리세이드": 3268.7688235294117
}