{
  "EF 쏘나타": 289.0,
  "EQ900": 2162.331730769231,
  "G70": 2359.4891304347825,
  "G80": 2111.043956043956,
  "G80 (RG3)": 4309.459252971137,
  "G90": 4027.65367965368,
  "G90 (RS4)": 7026.4121621621625,
  "GV60": 4737.357142857143,
  "GV70": 4506.858391608392,
  "GV80": 5520.939540507859,
  "GV80 쿠페": 7649.1875,
  "LF 쏘나타": 945.4307479224377,
  "LF 쏘나타 하이브리드": 1087.6545454545455,
  "NF 쏘나타": 250.5,
  "NF 쏘나타 트랜스폼": 277.24074074074076,
  "YF 쏘나타": 397.7516129032258,
  "그랜드 스타렉스": 1079.9330499468651,
  "그랜저": 1093.3636363636363,
  "그랜저 (GN7)": 3566.5259067357515,
  "그랜저 HG": 795.4858108108108,
  "그랜저 HG 하이브리드": 918.1684210526316,
  "그랜저 IG": 1616.144271570014,
  "그랜저 IG 하이브리드": 1923.8246268656717,
  "그랜저 TG": 260.41509433962267,
  "그랜저 XG": 290.0,
  "그랜저 뉴 럭셔리": 314.13186813186815,
  "그랜저 하이브리드 (GN7)": 4043.4222873900294,
  "뉴 EF 쏘나타": 484.8333333333333,
  "뉴 그랜저": 549.75,
  "뉴 그랜저 XG": 359.8888888888889,
  "뉴 아반떼 XD": 227.25,
  "뉴 투싼 ix": 840.8969072164948,
  "더 뉴 G70": 3589.764367816092,
  "더 뉴 G70 슈팅브레이크": 3807.3,
  "더 뉴 그랜드 스타렉스": 1919.972972972973,
  "더 뉴 그랜저 IG": 2454.5187301587302,
  "더 뉴 그랜저 IG 하이브리드": 2696.5476718403547,
  "더 뉴 싼타페": 2859.615984405458,
  "더 뉴 아반떼": 639.6147186147186,
  "더 뉴 아반떼 (CN7)": 2291.2548076923076,
  "더 뉴 아반떼 AD": 1256.4258760107816,
  "더 뉴 아반떼 하이브리드 (CN7)": 2498.3,
  "더 뉴 코나": 1981.1290322580646,
  "더 뉴 코나 하이브리드": 2237.240740740741,
  "더 뉴 투싼 (NX4)": 3349.153846153846,
  "더 뉴 투싼 하이브리드 (NX4)": 3652.5,
  "더 뉴 팰리세이드": 4012.835294117647,
  "더 럭셔리 그랜저": 406.375,
  "스타렉스": 296.0,
  "스타렉스 점보": 395.0,
  "스타리아": 2950.538537549407,
  "싼타페": 231.0,
  "싼타페 (MX5)": 3879.7757009345796,
  "싼타페 CM": 440.9117647058824,
  "싼타페 DM": 1131.7972350230414,
  "싼타페 TM": 2198.527559055118,
  "싼타페 더 프라임": 1401.2339449541284,
  "쏘나타 (DN8)": 1818.635214007782,
  "쏘나타 II": 420.0,
  "쏘나타 III": 452.5,
  "쏘나타 뉴 라이즈": 1202.1730337078652,
  "쏘나타 뉴 라이즈 하이브리드": 1457.6346153846155,
  "쏘나타 더 브릴리언트": 502.515,
  "쏘나타 디 엣지 하이브리드(DN8)": 2926.0,
  "쏘나타 디 엣지(DN8)": 2866.5208333333335,
  "쏘나타 하이브리드": 553.1935483870968,
  "쏘나타 하이브리드 (DN8)": 2122.097345132743,
  "아반떼": 390.0,
  "아반떼 (CN7)": 1768.6614017769002,
  "아반떼 AD": 979.6965342349957,
  "아반떼 HD": 317.4193548387097,
  "아반떼 MD": 485.5944055944056,
  "아반떼 XD": 309.8,
  "아반떼 쿠페": 531.3,
  "아반떼 하이브리드": 363.3181818181818,
  "아반떼 하이브리드 (CN7)": 1924.8447204968943,
  "올 뉴 아반떼": 420.0,
  "올 뉴 투싼": 1487.3096903096903,
  "일렉트리파이드 G80 (RG3)": 5508.722222222223,
  "일렉트리파이드 GV70": 5253.64705882353,
  "코나": 1450.4318618042225,
  "코나 (SX2)": 2636.181818181818,
  "코나 일렉트릭": 1851.7586206896551,
  "코나 일렉트릭 (SX2)": 2973.5,
  "코나 하이브리드": 1680.8846153846155,
  "코나 하이브리드 (SX2)": 2887.235294117647,
  "투싼": 315.52,
  "투싼 (NX4)": 2518.541950113379,
  "투싼 ix": 584.0884955752213,
  "투싼 하이브리드 (NX4)": 3019.4213197969543,
  "팰리세이드": 2998.213716108453,
  "팰리세이드 (LX3)": 4366.285714285715
}